name;gender
Александрович;М
Алексеевич;М
Анатольевич;М
Андреевич;М
Антонович;М
Аркадьевич;М
Арсеньевич;М
Артемович;М
Афанасьевич;М
Богданович;М
Борисович;М
Вадимович;М
Валентинович;М
Валериевич;М
Васильевич;М
Викторович;М
Витальевич;М
Владимирович;М
Всеволодович;М
Вячеславович;М
Гаврилович;М
Геннадиевич;М
Георгиевич;М
Глебович;М
Григорьевич;М
Давыдович;М
Данилович;М
Денисович;М
Дмитриевич;М
Евгеньевич;М
Егорович;М
Емельянович;М
Ефимович;М
Иванович;М
Игоревич;М
Ильич;М
Иосифович;М
Кириллович;М
Константинович;М
Корнеевич;М
Леонидович;М
Львович;М
Макарович;М
Максимович;М
Маркович;М
Матвеевич;М
Митрофанович;М
Михайлович;М
Назарович;М
Наумович;М
Николаевич;М
Олегович;М
Павлович;М
Петрович;М
Платонович;М
Робертович;М
Родионович;М
Романович;М
Савельевич;М
Семенович;М
Сергеевич;М
Станиславович;М
Степанович;М
Тарасович;М
Тимофеевич;М
Тихонович;М
Федорович;М
Феликсович;М
Филиппович;М
Эдуардович;М
Юрьевич;М
Яковлевич;М
Ярославович;М
Александровна;Ж
Алексеевна;Ж
Анатольевна;Ж
Андреевна;Ж
Антоновна;Ж
Аркадьевна;Ж
Арсеньевна;Ж
Афанасьевна;Ж
Богдановна;Ж
Борисовна;Ж
Валентиновна;Ж
Валериевна;Ж
Васильевна;Ж
Викторовна;Ж
Владимировна;Ж
Владиславовна;Ж
Вячеславовна;Ж
Геннадиевна;Ж
Георгиевна;Ж
Григорьевна;Ж
Даниловна;Ж
Дмитриевна;Ж
Евгеньевна;Ж
Егоровна;Ж
Ефимовна;Ж
Ивановна;Ж
Игоревна;Ж
Ильинична;Ж
Иосифовна;Ж
Кирилловна;Ж
Константиновна;Ж
Леонидовна;Ж
Львовна;Ж
Максимовна;Ж
Матвеевна;Ж
Михайловна;Ж
Николаевна;Ж
Олеговна;Ж
Павловна;Ж
Петровна;Ж
Платоновна;Ж
Робертовна;Ж
Романовна;Ж
Семеновна;Ж
Сергеевна;Ж
Станиславовна;Ж
Степановна;Ж